userId,userNombre,userApellido,userEdad,userSexo
myakunin,Marwin,Yakunin,49,M
rcamelli,Ronald,Camelli,30,M
ckinig,Conan,Kinig,46,M
gasprey,Gladi,Asprey,32,F
rhatchett,Rube,Hatchett,36,M
rgilliver,Robby,Gilliver,53,F
abacon,Agnella,Bacon,42,F
sbrislane,Sella,Brislane,22,F
dpinwell,Dixie,Pinwell,44,F
brake,Benedick,Rake,50,M
abudnka,Amandi,Budnk,41,F
cwiffieldb,Corliss,Wiffield,42,F
dgwynnec,Dukie,Gwynne,31,M
owalasikd,Opal,Walasik,21,F
mtrenamane,Marinna,Trenaman,30,F
morrinf,Martino,Orrin,53,M
ahuleattg,Amalee,Huleatt,48,F
ksurmeyersh,Kimmy,Surmeyers,22,F
mtippingsi,Millisent,Tippings,38,F
mrouselj,Maggi,Rousel,28,F
qcapeloffk,Quentin,Capeloff,23,M
esumsionl,Etheline,Sumsion,28,F
eboldockm,Eldon,Boldock,45,M
fjikyllsn,Freda,Jikylls,47,F
agiblingo,Ashley,Gibling,42,F
bhinksp,Brenna,Hinks,28,F
mpennycordq,Murry,Pennycord,40,M
gtylerr,Gabbey,Tyler,20,F
tgrahames,Taber,Grahame,50,M
rdewhirstt,Reinald,Dewhirst,55,M
squilleashu,Shadow,Quilleash,39,M
pdowntonv,Peyton,Downton,37,M
rondricekw,Row,Ondricek,22,F
acowhigx,Adlai,Cowhig,33,M
kfairfully,Karlik,Fairfull,51,M
rglynz,Rowan,Glyn,43,M
brelf,Blondy,Relf,31,F
hcurrey,Halli,Currey,24,F
lwakefield,Lacie,Wakefield,38,F
lbroz,Leone,Broz,24,F
ahanney,Alida,Hanney,50,F
mdinesen,Myron,Dinesen,49,M
astevings,Abbi,Stevings,26,F
rnuscha,Rodina,Nuscha,34,F
egrayson,Erwin,Grayson,42,M
mdalrymple,Merilyn,Dalrymple,41,F
fcromara,Fonz,Cromar,27,M
bthornthwaiteb,Brandais,Thornthwaite,36,F
htimsc,Haleigh,Tims,27,F
yghiroldid,Yehudi,Ghiroldi,28,M
